Estacao,Data Inicial,Data Final,Ordem,Produto,Qtd OK,Qtd NOK,Tempo Teorico,Tempo Teorico Total,Tempo Parada,Tempo Real,Tempo Real Total,Etapa,Fabricante,Turno,Setor
RB05,2026-05-20T18:08:13.197,2026-05-21T07:32:16.823,SQO260520180811267,7.3558.02069.06,12,0,16.93,203.16,173,52.583333333333336,12,0,,1,ROBO DE SOLDA
RB12,2026-05-20T20:39:36.57,2026-05-21T21:01:37.093,SQO260520203935041,7.0124.10608.00,4,0,85.33,341.32,,,4,0,,2,ROBO DE SOLDA
CTU29,2026-05-21T01:24:37.95,2026-05-21T07:39:43.757,SQO260520184111627,8.2155.02999.P02,1,0,5.17,5.17,21,354,1,0,PALETEIRA,1,USINAGEM
CTU29,2026-05-21T01:24:45.657,2026-05-21T07:39:31.52,SQO260520001345406,8.7129.00502.F,1,0,14,14,21,353,1,0,PALETEIRA,1,USINAGEM
CTU02,2026-05-21T01:40:10.993,2026-05-21T07:57:02.743,SQO260520091304880,7.0124.11001.02,1,0,49,49,41,335,1,0,,1,USINAGEM
CTU12,2026-05-21T01:47:37.527,2026-05-21T07:24:31.547,SQO260520194713724,7.7366.00596.E02,1,0,103,103,21,315,1,0,,1,USINAGEM
MD10,2026-05-21T05:56:19.373,2026-05-21T08:17:28.703,SQO260521052759346,7.6891.00662.01,1,0,68.52,68.52,32,109,1,0,DOOSAN,1,USINAGEM
MD07,2026-05-21T06:07:53.15,2026-05-21T16:11:07.65,SQO260521024717332,7.3558.02094.00,8,0,16,128,14,73.625,8,0,HELLER,1,USINAGEM
MD09,2026-05-21T06:09:25.12,2026-05-21T21:56:49.3,SQO260521002355990,8.6577.00495.03,1,0,31,31,509,438,1,0,HELLER,2,USINAGEM
RB40,2026-05-21T06:15:55.137,2026-05-21T07:52:24.953,SQO260521061551963,7.0124.11117.04,1,0,157.1,157.1,10,86,1,0,,1,ROBO DE SOLDA
CTU22,2026-05-21T06:23:32.82,2026-05-21T07:49:25.04,SQO260521045451078,7.0124.09942.00,1,0,23.21,23.21,16,69,1,0,,1,USINAGEM
CTU19,2026-05-21T06:32:51.687,2026-05-21T07:03:26.933,SQO260520003358089,7.7129.01021.D,1,0,60,60,14,16,1,0,,1,USINAGEM
CTU26,2026-05-21T06:39:00.777,2026-05-21T11:10:53.197,SQO260521035123160,7.7800.00713.01,27,0,3.95,106.65,46,8.333333333333334,27,0,,1,USINAGEM
TC03,2026-05-21T06:43:16.233,2026-05-21T07:01:53.45,SQO260521005744134,7.0124.04132.01,1,0,3.5,3.5,10,8,1,0,,1,USINAGEM
CTU28,2026-05-21T06:43:17.08,2026-05-21T07:01:32.947,SQO260521003023998,7.6689.00540.00,1,0,15.13,15.13,7,11,1,0,,1,USINAGEM
CTU27,2026-05-21T06:44:59.263,2026-05-21T07:06:20.647,SQO260521061029186,7.0124.11824.H01,1,0,5,5,17,4,1,0,,1,USINAGEM
CTU16,2026-05-21T06:47:22.38,2026-05-21T09:58:08.757,SQO260521004821794,7.7366.00595.C03,28,0,4.81,134.67999999999998,19,6.107142857142857,28,0,,1,USINAGEM
CTU18,2026-05-21T06:48:49.43,2026-05-21T07:05:47.49,SQO260521023100220,8.0124.06905.00,2,0,4.59,9.18,8,4,2,70,,1,USINAGEM
CTU24,2026-05-21T06:51:14.8,2026-05-21T07:23:12.33,SQO260521055757789,7.7129.01284.A,1,0,18.36,18.36,11,20,1,0,,1,USINAGEM
MD07,2026-05-21T06:59:46.877,2026-05-21T10:04:56.63,SQO260521065945146,8.0124.04553.02,1,0,35,35,5,180,1,0,HELLER,1,USINAGEM
CTU28,2026-05-21T07:01:32.947,2026-05-21T07:53:52.94,SQO260521003023998,7.6689.00540.00,1,0,15.13,15.13,2,50,1,0,,1,USINAGEM
TC08,2026-05-21T07:02:30.91,2026-05-21T14:20:28.693,SQO260521070136275,7.8088.04702.A,14,0,8.17,114.38,41,28.285714285714285,14,0,,1,USINAGEM
CTU19,2026-05-21T07:03:26.933,2026-05-21T10:16:44.447,SQO260520003358089,7.7129.01021.D,2,0,60,120,20,86.5,2,0,,1,USINAGEM
CTU05,2026-05-21T07:04:50.463,2026-05-21T10:09:10.363,SQO260521070447644,8.0124.03846.07,4,0,28.32,113.28,10,43.5,4,0,,1,USINAGEM
CTU18,2026-05-21T07:05:47.49,2026-05-21T08:30:23.803,SQO260521023100220,8.0124.06905.00,9,0,4.59,41.31,,9.333333333333334,9,70,,1,USINAGEM
RB24,2026-05-21T07:07:01.02,2026-05-21T07:38:26.89,SQO260521070700078,7.7129.01241.BNF,1,0,69.3,69.3,,31,1,0,,1,ROBO DE SOLDA
RB35,2026-05-21T07:14:11.977,2026-05-21T15:26:28.543,SQO260521061240610,8.8088.08481.B,1,0,270,270,81,411,1,0,,1,ROBO DE SOLDA
RB31,2026-05-21T07:14:44.043,2026-05-21T16:21:11.117,SQO260521071440561,7.0124.10906.02,10,0,38.85,388.5,,54.6,10,0,,1,ROBO DE SOLDA
TC04,2026-05-21T07:14:59.967,2026-05-21T16:33:52.737,SQO260521071116757,7.0124.06041.02,171,0,3.17,542.0699999999999,78,2.807017543859649,171,0,TORNO,1,USINAGEM
TC03,2026-05-21T07:16:29.433,2026-05-21T07:19:21.537,SQO260521070653691,7.0124.04132.01,1,0,3.5,3.5,,2,1,0,,1,USINAGEM
RB23,2026-05-21T07:16:37.89,2026-05-21T07:58:15.06,SQO260521071636738,7.0124.09717.H06,1,0,38,38,,41,1,0,,1,ROBO DE SOLDA
TC03,2026-05-21T07:19:50.527,2026-05-21T16:29:28.03,SQO260521071948286,7.0124.04132.01,84,0,3.5,294,79,5.595238095238095,84,0,,1,USINAGEM
CTU24,2026-05-21T07:23:12.33,2026-05-21T08:38:54.983,SQO260521055757789,7.7129.01284.A,6,0,18.36,110.16,2,12.166666666666666,6,0,,1,USINAGEM
CTU12,2026-05-21T07:24:31.547,2026-05-21T14:04:27.923,SQO260520194713724,7.7366.00596.E02,1,0,103,103,57,342,1,0,,1,USINAGEM
RB14,2026-05-21T07:28:26.313,2026-05-21T07:51:08.237,SQO260521071442057,8.0124.04440.01,1,0,25.5,25.5,,22,1,0,,1,ROBO DE SOLDA
DB43,2026-05-21T07:28:29.63,2026-05-21T08:05:12.837,SQO260521072128817,7.0124.11972.Q00,7,0,5.13,35.91,,5.142857142857143,7,0,,1,DOBRADEIRA
RB04,2026-05-21T07:31:18.683,2026-05-21T16:28:10.453,SQO260521073117097,8.0124.05094.03,5,0,65.2,326,135,80.2,5,0,,1,ROBO DE SOLDA
RB05,2026-05-21T07:32:40.387,2026-05-21T10:40:16.51,SQO260521073238856,8.8088.08265.A,18,0,5.5,99,1,10.333333333333334,18,0,,1,ROBO DE SOLDA
RB36,2026-05-21T07:34:48.197,2026-05-21T07:34:57.573,SQO260521070808130,8.7129.00865.E,1,0,133.7,133.7,,0,1,0,,1,ROBO DE SOLDA
CTU29,2026-05-21T07:39:31.52,2026-05-21T16:03:30.897,SQO260520001345406,8.7129.00502.F,17,0,14,238,147,20.941176470588236,17,0,PALETEIRA,1,USINAGEM
CTU29,2026-05-21T07:39:43.757,2026-05-21T16:28:09.747,SQO260520184111627,8.2155.02999.P02,18,0,5.17,93.06,147,21.166666666666668,18,0,PALETEIRA,1,USINAGEM
CL09,2026-05-21T07:39:44.527,2026-05-21T15:27:42.423,SQO260521073940858,7.0124.10571.00,8,0,31.37,250.96,152,39.375,8,0,,1,CALANDRA
CTU22,2026-05-21T07:49:25.04,2026-05-21T11:32:46.197,SQO260521045451078,7.0124.09942.00,8,0,23.21,185.68,9,26.75,8,0,,1,USINAGEM
DB35,2026-05-21T07:52:05.78,2026-05-21T09:28:09.053,SQO260521073512691,7.7129.01203.A,90,0,1.61958,145.7622,,1.0666666666666667,90,0,,1,DOBRADEIRA
RB40,2026-05-21T07:52:43.817,2026-05-21T10:54:44.28,SQO260521075242719,7.6891.00964.A,2,0,256.24,256.24,,364,2,0,,1,ROBO DE SOLDA
CTU27,2026-05-21T07:53:21.057,2026-05-21T08:06:37.013,SQO260521070708194,7.0124.11824.H01,1,0,5,5,,13,1,0,,1,USINAGEM
RB16,2026-05-21T07:54:34.567,2026-05-21T15:10:56.18,SQO260521075422037,8.0124.04553.03,5,0,66,330,108,65.6,5,0,,1,ROBO DE SOLDA
RB23,2026-05-21T07:58:26.16,2026-05-21T08:37:33.463,SQO260521075824517,8.3558.00559.F,1,0,41.99,41.99,,39,1,0,,1,ROBO DE SOLDA
RB24,2026-05-21T07:58:27.29,2026-05-21T09:09:28.983,SQO260521073835762,7.7129.01241.BNF,1,0,69.3,69.3,,71,1,0,,1,ROBO DE SOLDA
CL11,2026-05-21T08:09:16.92,2026-05-21T09:21:00.26,SQO260521080915753,8.2155.02952.P02,20,0,3.95,79,,3.55,20,0,,1,CALANDRA
MD04,2026-05-21T08:10:53.24,2026-05-21T14:25:00.33,SQO260521072449427,8.7800.00292.B,1,0,148,148,233,141,1,0,WOTAN,1,USINAGEM
RB17,2026-05-21T08:16:10.773,2026-05-21T09:47:08.787,SQO260521081608287,8.0124.07011.Q01,1,0,92.92,92.92,,90,1,0,,1,ROBO DE SOLDA
RB14,2026-05-21T08:21:38.95,2026-05-21T16:26:37.04,SQO260521075932587,8.0124.04712.03,20,0,16.79,335.79999999999995,76,20.4,20,0,,1,ROBO DE SOLDA
MD03,2026-05-21T08:28:32.937,2026-05-21T09:43:34.683,SQO260521081018178,7.6577.01261.01,1,0,60,60,14,61,1,0,WOTAN,1,USINAGEM
RB51,2026-05-21T08:32:03.963,2026-05-21T09:44:54.627,SQO260521082725562,7.0124.08855.03,1,0,64.27,64.27,,72,1,0,,1,ROBO DE SOLDA
DB43,2026-05-21T08:33:25.323,2026-05-21T10:50:38.853,SQO260521080617623,7.0124.12052.Q02,18,0,4.74,85.32000000000001,,7.611111111111111,18,0,,1,DOBRADEIRA
CTU27,2026-05-21T08:33:50.013,2026-05-21T14:50:10.407,SQO260521082021744,7.0124.11824.H01,57,0,5,285,76,5.2631578947368425,57,0,,1,USINAGEM
RB23,2026-05-21T08:37:48.363,2026-05-21T09:22:23.507,SQO260521083746504,7.0124.09717.H06,1,0,38,38,,44,1,0,,1,ROBO DE SOLDA
MD01,2026-05-21T08:38:42.457,2026-05-21T15:21:08.06,SQO260521073915531,7.0124.11117.04,1,0,330,330,72,330,1,0,WOTAN,1,USINAGEM
RB34,2026-05-21T08:45:34.883,2026-05-21T10:26:32.753,SQO260521084527920,8.0124.06646.Q07,1,0,95.75,95.75,2,98,1,0,,1,ROBO DE SOLDA
CTU28,2026-05-21T08:52:40.41,2026-05-21T11:09:59.813,SQO260521081602543,8.2155.02755.P06,2,0,13.5,27,41,48,2,0,,1,USINAGEM
CTU24,2026-05-21T08:59:04.067,2026-05-21T11:07:46.417,SQO260521083951034,7.7129.01287.A,10,0,12.12,121.19999999999999,19,10.9,10,0,,1,USINAGEM
MD10,2026-05-21T09:09:17.973,2026-05-21T11:04:56.073,SQO260521081812549,7.6891.00967.A,2,0,230,230,,230,2,0,DOOSAN,1,USINAGEM
RB25,2026-05-21T09:19:39.047,2026-05-21T11:55:53.11,SQO260521091936975,8.0124.06887.01,1,0,151,151,,156,1,0,,1,ROBO DE SOLDA
RB23,2026-05-21T09:22:40.34,2026-05-21T10:03:54.627,SQO260521092236839,8.3558.00559.F,1,0,41.99,41.99,,41,1,0,,1,ROBO DE SOLDA
CTU18,2026-05-21T09:32:59.577,2026-05-21T12:21:10.223,SQO260521083108020,7.2155.02697.P02,7,0,15.14,105.98,90,11.142857142857142,7,0,,1,USINAGEM
CTU02,2026-05-21T09:36:30.023,2026-05-21T11:35:43.58,SQO260521080602973,7.0124.11001.02,15,0,49,735,,7.933333333333334,15,0,,1,USINAGEM
CL11,2026-05-21T09:40:19.63,2026-05-21T10:19:40.18,SQO260521094017476,8.0124.07015.01,25,0,3.81,95.25,,1.56,25,0,,1,CALANDRA
DB35,2026-05-21T09:42:50.323,2026-05-21T11:58:02.657,SQO260521094246842,7.7129.00956.A,17,0,9.42,160.14,,7.9411764705882355,17,0,,1,DOBRADEIRA
MD03,2026-05-21T09:44:15.653,2026-05-21T11:34:15.2,SQO260521094407488,7.6577.01062.01,1,0,110,110,,109,1,0,WOTAN,1,USINAGEM
RB36,2026-05-21T09:46:11.607,2026-05-21T15:06:46.93,SQO260521094601996,8.7129.00519.B,1,0,235,235,78,242,1,0,,1,ROBO DE SOLDA
RB23,2026-05-21T10:04:06.99,2026-05-21T10:51:53.82,SQO260521100404638,7.0124.09717.H06,1,0,38,38,,47,1,0,,1,ROBO DE SOLDA
MD07,2026-05-21T10:05:29.327,2026-05-21T11:45:42.85,SQO260521100526964,8.7800.00253.B,5,0,8,40,0,20,5,0,HELLER,1,USINAGEM
RB51,2026-05-21T10:08:00.3,2026-05-21T10:51:25.74,SQO260521100344445,7.0124.10860.01,1,0,64.27,64.27,,43,1,0,,1,ROBO DE SOLDA
CL11,2026-05-21T10:20:53.293,2026-05-21T11:53:15.267,SQO260521102050549,7.2155.02435.P02,30,0,3.66,109.80000000000001,,3.066666666666667,30,0,,1,CALANDRA
RB34,2026-05-21T10:28:26.003,2026-05-21T11:45:48.753,SQO260521102640967,8.0124.06646.Q07,1,0,95.75,95.75,,77,1,0,,1,ROBO DE SOLDA
CTU16,2026-05-21T10:29:19.867,2026-05-21T12:00:10.48,SQO260521100338938,7.0124.03264.03,30,0,3.17,95.1,,3,30,0,,1,USINAGEM
CTU19,2026-05-21T10:33:49.743,2026-05-21T16:21:59.673,SQO260521101747574,7.7129.01020.E,5,0,60,300,71,55.4,5,0,,1,USINAGEM
CTU05,2026-05-21T10:37:33.51,2026-05-21T15:48:36.163,SQO260521100944927,7.6602.00395.02,22,0,13,286,60,11.409090909090908,22,0,,1,USINAGEM
RB17,2026-05-21T10:51:04.38,2026-05-21T13:41:54.343,SQO260521104847053,8.0124.07011.Q01,1,0,92.92,92.92,,170,1,0,,1,ROBO DE SOLDA
RB23,2026-05-21T10:52:02.28,2026-05-21T11:40:24.38,SQO260521105200880,8.3558.00559.F,1,0,41.99,41.99,,48,1,0,,1,ROBO DE SOLDA
RB05,2026-05-21T10:57:08.283,2026-05-21T14:52:33.59,SQO260521105706812,8.8088.08265.A,20,0,5.5,110,65,8.5,20,0,,1,ROBO DE SOLDA
DB43,2026-05-21T11:00:34.86,2026-05-21T12:16:08.463,SQO260521105123358,7.0124.12052.Q02,14,0,4.74,66.36,,5.357142857142857,14,0,,1,DOBRADEIRA
MD10,2026-05-21T11:04:56.073,2026-05-21T12:57:36.647,SQO260521081812549,7.6891.00967.A,4,0,230,460,,112,4,0,DOOSAN,1,USINAGEM
CTU28,2026-05-21T11:09:59.813,2026-05-21T11:34:29.753,SQO260521081602543,8.2155.02755.P06,2,0,13.5,27,,12,2,0,,1,USINAGEM
RB30,2026-05-21T11:13:15.85,2026-05-21T12:00:15.387,SQO260521111052523,8.0124.07134.Q02,1,0,31.5,31.5,8,38,1,0,MOTOFIL,1,ROBO DE SOLDA
CTU24,2026-05-21T11:30:23.75,2026-05-21T12:18:40.22,SQO260521110824755,8.2155.02142.P01,1,0,45.93,45.93,,48,1,0,,1,USINAGEM
CTU28,2026-05-21T11:34:29.753,2026-05-21T12:32:59.577,SQO260521081602543,8.2155.02755.P06,4,0,13.5,54,,14.5,4,0,,1,USINAGEM
RB23,2026-05-21T11:40:37.207,2026-05-21T14:39:13.047,SQO260521114034824,7.3558.02102.02,3,0,21.65,64.94999999999999,84,31.333333333333332,3,0,,1,ROBO DE SOLDA
RB34,2026-05-21T11:47:54.11,2026-05-21T13:40:07.117,SQO260521114600711,8.0124.06647.Q08,1,0,38.12,38.12,65,47,1,0,,1,ROBO DE SOLDA
CTU26,2026-05-21T11:51:54.52,2026-05-21T14:14:42.32,SQO260521111244297,7.2155.02794.P03,1,0,2.67,2.67,60,82,1,0,,1,USINAGEM
CL11,2026-05-21T11:53:40.367,2026-05-21T15:20:13.197,SQO260521115338652,7.7129.00956.A,20,0,5.77,115.39999999999999,61,7.25,20,0,,1,CALANDRA
CTU02,2026-05-21T12:04:44.72,2026-05-21T16:17:21.827,SQO260521113637356,7.0124.08651.W00,2,0,,,117,67.5,2,0,,1,USINAGEM
CTU16,2026-05-21T12:06:14.743,2026-05-21T12:06:18.153,SQO260521120612630,7.0124.03264.03,1,0,3.17,3.17,,0,1,0,,1,USINAGEM
RB30,2026-05-21T12:17:41.373,2026-05-21T12:45:50.48,SQO260521121739564,8.0124.07134.Q02,1,0,31.5,31.5,0,28,1,0,MOTOFIL,1,ROBO DE SOLDA
CTU24,2026-05-21T12:18:40.22,2026-05-21T14:12:20.717,SQO260521110824755,8.2155.02142.P01,1,0,45.93,45.93,64,49,1,0,,1,USINAGEM
CTU18,2026-05-21T12:21:10.223,2026-05-21T16:14:31.603,SQO260521083108020,7.2155.02697.P02,8,0,15.14,121.12,59,21.75,8,0,,1,USINAGEM
CTU22,2026-05-21T12:25:06.053,2026-05-21T12:43:18.17,SQO260521114419134,8.7129.00276.H,2,0,4.3,8.6,,9,2,0,,1,USINAGEM
DB35,2026-05-21T12:25:23.803,2026-05-21T12:44:46.167,SQO260521121510347,8.6891.00397.00,19,0,1.82889,34.748909999999995,,1,19,0,,1,DOBRADEIRA
DB43,2026-05-21T12:30:41.98,2026-05-21T14:56:04.183,SQO260521122216624,7.0124.12066.Q00,10,0,,,74,7.1,10,0,,1,DOBRADEIRA
CTU28,2026-05-21T12:32:59.577,2026-05-21T13:26:48.787,SQO260521081602543,8.2155.02755.P06,4,0,13.5,54,,13.25,4,0,,1,USINAGEM
RB43,2026-05-21T12:33:52.7,2026-05-21T14:46:55.357,SQO260521121630108,7.0124.09925.01,1,0,100,100,,133,1,0,,1,ROBO DE SOLDA
CTU16,2026-05-21T12:35:22.53,2026-05-21T16:33:18.537,SQO260521121056795,8.2155.02520.P00,55,0,2,110,59,3.2363636363636363,55,0,,1,USINAGEM
CTU22,2026-05-21T12:43:18.17,2026-05-21T13:57:17.2,SQO260521114419134,8.7129.00276.H,20,0,4.3,86,60,0.65,20,0,,1,USINAGEM
RB30,2026-05-21T12:47:04.847,2026-05-21T14:12:11.25,SQO260521124657424,7.9113.01321.00,1,0,,,11,74,1,0,MOTOFIL,1,ROBO DE SOLDA
MD07,2026-05-21T12:51:51.667,2026-05-21T16:09:43.063,SQO260521125150418,8.0124.06758.04,8,0,16,128,,24.625,8,0,HELLER,1,USINAGEM
CTU28,2026-05-21T13:26:48.787,2026-05-21T15:06:51.82,SQO260521081602543,8.2155.02755.P06,4,0,13.5,54,18,20.5,4,0,,1,USINAGEM
RB51,2026-05-21T13:29:10.887,2026-05-21T14:31:43.943,SQO260521132230396,7.0124.10608.00,1,0,85.33,85.33,,62,1,0,,1,ROBO DE SOLDA
RB34,2026-05-21T13:40:24.307,2026-05-21T15:05:10.353,SQO260521134021340,8.0124.06646.Q07,1,0,95.75,95.75,,84,1,0,,1,ROBO DE SOLDA
CTU22,2026-05-21T13:57:17.2,2026-05-21T14:38:37.157,SQO260521114419134,8.7129.00276.H,6,0,4.3,25.799999999999997,,6.833333333333333,6,0,,1,USINAGEM
CTU12,2026-05-21T14:04:27.923,2026-05-21T14:05:13.853,SQO260520194713724,7.7366.00596.E02,4,0,103,412,,0,4,0,,1,USINAGEM
CTU12,2026-05-21T14:05:13.853,2026-05-21T16:54:50.533,SQO260520194713724,7.7366.00596.E02,1,0,103,103,14,155,1,0,,2,USINAGEM
RB40,2026-05-21T14:06:13.363,2026-05-21T16:10:19.02,SQO260521140612425,7.6891.00964.A,2,0,256.24,256.24,,248,2,0,,1,ROBO DE SOLDA
RB17,2026-05-21T14:07:01.367,2026-05-21T15:18:07.563,SQO260521140659095,7.7800.00181.B,1,0,51,51,,71,1,0,,1,ROBO DE SOLDA
MD10,2026-05-21T14:08:36.233,2026-05-21T16:09:34.88,SQO260521125751476,7.6891.00967.A,2,0,230,230,18,222,2,0,DOOSAN,1,USINAGEM
CTU24,2026-05-21T14:12:20.717,2026-05-21T14:50:05.607,SQO260521110824755,8.2155.02142.P01,1,0,45.93,45.93,,37,1,0,,1,USINAGEM
RB30,2026-05-21T14:12:45.107,2026-05-21T14:30:43.073,SQO260521141244150,7.9113.01273.00,1,0,,,,17,1,0,MOTOFIL,1,ROBO DE SOLDA
CTU26,2026-05-21T14:16:07.653,2026-05-21T15:00:58.093,SQO260521141603937,7.2155.02794.P03,27,0,2.67,72.09,,1.6296296296296295,27,0,,1,USINAGEM
DB35,2026-05-21T14:36:31.303,2026-05-21T16:21:02.677,SQO260521143621413,8.0124.06347.00,17,0,6.34,107.78,,6.117647058823529,17,0,,1,DOBRADEIRA
RB23,2026-05-21T14:39:29.223,2026-05-21T16:14:11.437,SQO260521143926850,7.0124.09717.H06,2,0,38,76,3,45.5,2,0,,1,ROBO DE SOLDA
MD09,2026-05-21T14:40:24.183,2026-05-21T18:29:54.65,SQO260521054750595,7.0124.07085.00,2,0,53,106,4,112.5,2,0,HELLER,2,USINAGEM
MD09,2026-05-21T14:40:53.32,2026-05-21T15:27:19.713,SQO260521143150569,8.0553.00067.06,1,0,36.225,36.225,,46,1,0,HELLER,1,USINAGEM
MD04,2026-05-21T14:45:56.437,2026-05-21T18:24:13.503,SQO260521143450260,7.7800.01304.B,1,0,161.8,161.8,90,128,1,0,WOTAN,2,USINAGEM
CTU24,2026-05-21T14:50:05.607,2026-05-21T16:09:09.98,SQO260521110824755,8.2155.02142.P01,1,0,45.93,45.93,6,73,1,0,,1,USINAGEM
CTU27,2026-05-21T14:50:10.407,2026-05-21T16:34:24.447,SQO260521082021744,7.0124.11824.H01,14,0,5,70,,7.428571428571429,14,0,,1,USINAGEM
RB51,2026-05-21T14:54:11.743,2026-05-21T15:44:07.24,SQO260521143747034,7.0124.10608.00,1,0,85.33,85.33,,49,1,0,,1,ROBO DE SOLDA
CTU22,2026-05-21T14:59:59.057,2026-05-21T15:08:34.063,SQO260521144051992,8.7129.00253.H,2,0,4.72,9.44,,4,2,0,,1,USINAGEM
CTU26,2026-05-21T15:01:34.733,2026-05-21T16:14:57.837,SQO260521150132337,7.2155.02794.P03,19,0,2.67,50.73,,3.8421052631578947,19,0,,1,USINAGEM
CTU28,2026-05-21T15:06:51.82,2026-05-21T16:12:37.82,SQO260521081602543,8.2155.02755.P06,3,0,13.5,40.5,12,17.666666666666668,3,0,,1,USINAGEM
CTU22,2026-05-21T15:08:34.063,2026-05-21T15:08:43.577,SQO260521144051992,8.7129.00253.H,2,0,4.72,9.44,,0,2,0,,1,USINAGEM
CTU22,2026-05-21T15:08:43.577,2026-05-21T16:35:07.993,SQO260521144051992,8.7129.00253.H,12,0,4.72,56.64,,7.166666666666667,12,0,,1,USINAGEM
RB16,2026-05-21T15:11:09.793,2026-05-21T16:36:23.25,SQO260521151105482,7.0124.07862.03,8,0,12.95,103.6,3,10.25,8,0,,1,ROBO DE SOLDA
RB34,2026-05-21T15:12:53.1,2026-05-21T16:14:41.687,SQO260521151128791,8.0124.06646.Q07,1,0,95.75,95.75,,61,1,0,,1,ROBO DE SOLDA
RB30,2026-05-21T15:19:04.183,2026-05-21T15:51:33.473,SQO260521143613561,7.9113.01273.00,1,0,,,,32,1,0,MOTOFIL,1,ROBO DE SOLDA
RB17,2026-05-21T15:19:07.39,2026-05-21T15:54:44.63,SQO260521151818071,7.7800.00183.B,1,0,33.24,33.24,,35,1,0,,1,ROBO DE SOLDA
RB24,2026-05-21T15:22:08.16,2026-05-21T16:05:46.07,SQO260521152206606,7.7129.01258.D,3,0,31,93,11,10.666666666666666,3,0,,1,ROBO DE SOLDA
DB43,2026-05-21T15:22:53.733,2026-05-21T15:34:58.49,SQO260521151839715,7.6891.00206.01,1,0,5.82,5.82,,12,1,0,,1,DOBRADEIRA
RB36,2026-05-21T15:24:59.127,2026-05-21T17:50:24.703,SQO260521152457534,8.7129.00865.E,1,0,133.7,133.7,0,145,1,0,,2,ROBO DE SOLDA
RB05,2026-05-21T15:26:36.723,2026-05-21T16:20:55.6,SQO260521152635051,8.8088.08265.A,7,0,5.5,38.5,,7.714285714285714,7,0,,1,ROBO DE SOLDA
MD09,2026-05-21T15:27:56.247,2026-05-21T18:30:02.487,SQO260521152752880,8.0553.00067.06,1,0,36.225,36.225,4,178,1,0,HELLER,2,USINAGEM
CL09,2026-05-21T15:28:47.22,2026-05-21T16:29:11.1,SQO260521152838209,7.9113.01302.00,1,0,32.12,32.12,,60,1,0,,1,CALANDRA
CTU05,2026-05-21T15:48:36.163,2026-05-21T16:32:16.98,SQO260521100944927,7.6602.00395.02,3,0,13,39,,14.333333333333334,3,0,,1,USINAGEM
RB30,2026-05-21T15:52:42.18,2026-05-21T16:26:23.1,SQO260521155147845,8.0124.07048.Q01,1,0,33.2,33.2,0,33,1,0,MOTOFIL,1,ROBO DE SOLDA
DB43,2026-05-21T16:03:56.98,2026-05-21T16:26:38.56,SQO260521153608014,8.0124.06955.02,2,0,12.43,24.86,,11,2,0,,1,DOBRADEIRA
RB43,2026-05-21T16:07:26.647,2026-05-21T18:40:49.25,SQO260521160646837,7.6891.00967.A,2,0,131.22,131.22,,306,2,0,,2,ROBO DE SOLDA
CTU24,2026-05-21T16:09:09.98,2026-05-22T01:49:10.437,SQO260521110824755,8.2155.02142.P01,10,0,45.93,459.3,153,42.7,10,0,,2,USINAGEM
MD07,2026-05-21T16:10:39.483,2026-05-21T16:33:45.23,SQO260521161005359,8.0124.06758.04,2,0,16,32,,11.5,2,0,HELLER,1,USINAGEM
CTU28,2026-05-21T16:12:37.82,2026-05-21T16:24:04.343,SQO260521081602543,8.2155.02755.P06,2,0,13.5,27,,5.5,2,0,,1,USINAGEM
RB23,2026-05-21T16:14:23.207,2026-05-21T16:50:59.91,SQO260521161421055,7.0124.09717.H06,1,0,38,38,,36,1,0,,2,ROBO DE SOLDA
CTU18,2026-05-21T16:14:31.603,2026-05-22T01:38:56.707,SQO260521083108020,7.2155.02697.P02,19,0,15.14,287.66,180,20.210526315789473,19,0,,2,USINAGEM
MD03,2026-05-21T16:14:54.88,2026-05-21T18:07:01.897,SQO260521161453413,8.0553.00066.06,1,0,55,55,,112,1,0,WOTAN,2,USINAGEM
CTU02,2026-05-21T16:17:21.827,2026-05-22T01:41:31.073,SQO260521113637356,7.0124.08651.W00,11,0,,,106,41.63636363636363,11,0,,2,USINAGEM
CTU19,2026-05-21T16:21:59.673,2026-05-22T01:36:27.587,SQO260521101747574,7.7129.01020.E,7,0,60,420,131,60.42857142857143,7,0,,2,USINAGEM
CTU28,2026-05-21T16:24:04.343,2026-05-21T18:06:49.47,SQO260521081602543,8.2155.02755.P06,1,0,13.5,13.5,36,66,1,0,,2,USINAGEM
CTU29,2026-05-21T16:28:09.747,2026-05-21T16:28:15.81,SQO260520184111627,8.2155.02999.P02,1,0,5.17,5.17,,0,1,0,PALETEIRA,1,USINAGEM
CTU29,2026-05-21T16:28:15.81,2026-05-22T00:49:46.827,SQO260520184111627,8.2155.02999.P02,14,0,5.17,72.38,43,32.714285714285715,14,0,PALETEIRA,2,USINAGEM
TC03,2026-05-21T16:29:28.03,2026-05-21T16:29:46.383,SQO260521071948286,7.0124.04132.01,10,0,3.5,35,,0,10,0,,1,USINAGEM
TC03,2026-05-21T16:29:46.383,2026-05-21T16:35:36.45,SQO260521071948286,7.0124.04132.01,16,0,3.5,56,,0.3125,16,0,,1,USINAGEM
CTU05,2026-05-21T16:32:16.98,2026-05-21T17:16:28.54,SQO260521100944927,7.6602.00395.02,2,0,13,26,8,18,2,0,,2,USINAGEM
CTU16,2026-05-21T16:33:18.537,2026-05-21T17:08:34.493,SQO260521121056795,8.2155.02520.P00,1,0,2,2,23,12,1,0,,2,USINAGEM
TC04,2026-05-21T16:33:52.737,2026-05-21T16:47:11.793,SQO260521071116757,7.0124.06041.02,1,0,3.17,3.17,,13,1,0,TORNO,1,USINAGEM
CTU27,2026-05-21T16:34:24.447,2026-05-22T01:39:19.877,SQO260521082021744,7.0124.11824.H01,62,0,5,310,99,7.17741935483871,62,0,,2,USINAGEM
CTU22,2026-05-21T16:35:07.993,2026-05-21T17:08:20.887,SQO260521144051992,8.7129.00253.H,2,0,4.72,9.44,8,12.5,2,0,,2,USINAGEM
TC03,2026-05-21T16:35:36.45,2026-05-21T16:50:30.93,SQO260521071948286,7.0124.04132.01,1,0,3.5,3.5,,14,1,0,,2,USINAGEM
CTU26,2026-05-21T16:35:45.043,2026-05-21T17:00:09.847,SQO260521161621755,7.2155.02920.P01,1,0,2.17,2.17,,24,1,0,,2,USINAGEM
RB30,2026-05-21T16:37:06.413,2026-05-21T16:37:38.857,SQO260521163639385,7.0124.09650.H03,1,0,36.1,36.1,,0,1,0,MOTOFIL,1,ROBO DE SOLDA
RB30,2026-05-21T16:37:38.857,2026-05-21T16:37:47.103,SQO260521163639385,7.0124.09650.H03,1,0,36.1,36.1,,0,1,0,MOTOFIL,1,ROBO DE SOLDA
RB30,2026-05-21T16:37:47.103,2026-05-21T16:37:52.027,SQO260521163639385,7.0124.09650.H03,1,0,36.1,36.1,,0,1,0,MOTOFIL,1,ROBO DE SOLDA
MD07,2026-05-21T16:38:24.383,2026-05-21T21:12:48.02,SQO260521163822992,8.0124.06758.04,1,0,16,16,38,236,1,0,HELLER,2,USINAGEM
TC04,2026-05-21T16:47:58.577,2026-05-21T18:30:33.613,SQO260521164751725,7.0124.06041.02,41,0,3.17,129.97,,2.4878048780487805,41,0,TORNO,2,USINAGEM
RB23,2026-05-21T16:52:49.623,2026-05-22T01:13:11.677,SQO260521165248351,7.0124.09717.H06,5,0,38,190,63,87.4,5,0,,2,ROBO DE SOLDA
CTU12,2026-05-21T16:54:50.533,2026-05-22T01:41:21.497,SQO260520194713724,7.7366.00596.E02,3,0,103,309,115,137,3,0,,2,USINAGEM
MD07,2026-05-21T16:57:33.257,2026-05-22T01:21:45.513,SQO260521165731391,7.3558.02094.00,1,0,16,16,93,411,1,0,HELLER,2,USINAGEM
CL11,2026-05-21T17:06:18.803,2026-05-21T18:19:28.793,SQO260521165458858,7.7129.01204.A,15,0,5.93,88.94999999999999,,4.866666666666666,15,0,,2,CALANDRA
CTU22,2026-05-21T17:08:20.887,2026-05-21T18:40:45.267,SQO260521144051992,8.7129.00253.H,10,0,4.72,47.199999999999996,,9.2,10,0,,2,USINAGEM
CTU16,2026-05-21T17:08:34.493,2026-05-21T19:47:46.56,SQO260521121056795,8.2155.02520.P00,1,0,2,2,84,75,1,0,,2,USINAGEM
RB24,2026-05-21T17:10:24.507,2026-05-21T21:42:58.143,SQO260521171022628,7.7129.01258.D,7,0,31,217,68,29.142857142857142,7,0,,2,ROBO DE SOLDA
RB14,2026-05-21T17:10:24.54,2026-05-21T18:45:11.43,SQO260521171023050,8.0124.04712.03,4,0,16.79,67.16,,23.5,4,0,,2,ROBO DE SOLDA
TC08,2026-05-21T17:10:29.223,2026-05-22T01:51:49.177,SQO260521165838368,7.8088.04700.A,70,0,3,210,142,5.414285714285715,70,0,,2,USINAGEM
RB04,2026-05-21T17:12:42.957,2026-05-21T17:48:01.757,SQO260521171241553,8.0124.05094.03,1,0,65.2,65.2,14,21,1,0,,2,ROBO DE SOLDA
CTU05,2026-05-21T17:16:28.54,2026-05-21T19:57:47.647,SQO260521100944927,7.6602.00395.02,12,0,13,156,,13.416666666666666,12,0,,2,USINAGEM
RB30,2026-05-21T17:21:12.643,2026-05-21T18:06:11.373,SQO260521172058287,7.0124.09650.H03,1,0,36.1,36.1,0,44,1,0,MOTOFIL,2,ROBO DE SOLDA
RB34,2026-05-21T17:32:21.533,2026-05-21T17:32:25.917,SQO260521173220077,8.0124.06646.Q07,1,0,95.75,95.75,,0,1,0,,2,ROBO DE SOLDA
RB34,2026-05-21T17:32:33.993,2026-05-21T18:51:42.827,SQO260521173232807,8.0124.06646.Q07,1,0,95.75,95.75,,79,1,0,,2,ROBO DE SOLDA
MD01,2026-05-21T17:34:16.923,2026-05-22T01:26:09.743,SQO260521165231155,7.8088.04147.B,8,0,50,400,111,45,8,0,WOTAN,2,USINAGEM
TC03,2026-05-21T17:44:15.097,2026-05-21T21:43:51.73,SQO260521173024813,7.0124.12077.00,50,0,,,,4.78,50,0,,2,USINAGEM
CTU26,2026-05-21T17:46:43.917,2026-05-21T17:46:48.093,SQO260521171924456,7.2155.02920.P01,1,0,2.17,2.17,,0,1,0,,2,USINAGEM
CTU26,2026-05-21T17:46:48.093,2026-05-21T18:57:51.09,SQO260521171924456,7.2155.02920.P01,18,0,2.17,39.06,,3.9444444444444446,18,0,,2,USINAGEM
RB04,2026-05-21T17:48:14.72,2026-05-21T18:52:44.237,SQO260521174813454,8.0124.05094.03,1,0,65.2,65.2,,64,1,0,,2,ROBO DE SOLDA
RB36,2026-05-21T17:50:50.967,2026-05-22T02:08:54.11,SQO260521175049430,8.9113.00032.02,1,0,183,183,0,498,1,0,,2,ROBO DE SOLDA
DB43,2026-05-21T18:02:07.55,2026-05-21T19:18:49.997,SQO260521165946591,7.7800.00251.A,10,0,3.06,30.6,,7.6,10,0,,2,DOBRADEIRA
CTU28,2026-05-21T18:06:49.47,2026-05-21T21:56:25.133,SQO260521081602543,8.2155.02755.P06,11,0,13.5,148.5,46,16.636363636363637,11,0,,2,USINAGEM
MD03,2026-05-21T18:07:59.753,2026-05-22T01:02:20.073,SQO260521180758164,8.0553.00066.06,4,0,55,220,106,77,4,0,WOTAN,2,USINAGEM
RB23,2026-05-21T18:15:24.323,2026-05-22T01:53:19.507,SQO260521175410485,8.3558.00559.F,6,0,41.99,251.94,58,66.5,6,0,,2,ROBO DE SOLDA
RB30,2026-05-21T18:16:05.057,2026-05-21T18:56:59.57,SQO260521181550835,7.0124.09650.H03,1,0,36.1,36.1,,40,1,0,MOTOFIL,2,ROBO DE SOLDA
RB17,2026-05-21T18:22:44.037,2026-05-21T18:22:47.897,SQO260521182242241,8.0124.06646.Q07,1,0,95.75,95.75,,0,1,0,,2,ROBO DE SOLDA
RB17,2026-05-21T18:22:57.927,2026-05-21T19:35:09.217,SQO260521182256332,7.7800.00181.B,1,0,51,51,,72,1,0,,2,ROBO DE SOLDA
RB40,2026-05-21T18:23:22.407,2026-05-21T20:41:26.187,SQO260521182319564,8.6891.00459.A,2,0,302,302,16,260,2,0,,2,ROBO DE SOLDA
CL11,2026-05-21T18:23:37.96,2026-05-21T18:47:56.887,SQO260521181959719,7.3558.02399.00,1,0,27,27,,24,1,0,,2,CALANDRA
RB35,2026-05-21T18:24:47.17,2026-05-21T20:41:16.803,SQO260521182444852,7.9113.00206.01,1,0,115,115,6,130,1,0,,2,ROBO DE SOLDA
MD04,2026-05-21T18:25:18.55,2026-05-21T20:44:05.59,SQO260521182514648,7.7800.01690.G,1,0,119.47,119.47,54,84,1,0,WOTAN,2,USINAGEM
DB35,2026-05-21T18:26:20.547,2026-05-21T20:12:22.983,SQO260521175143481,7.0124.11001.02,30,0,2.26,67.8,,3.533333333333333,30,0,,2,DOBRADEIRA
MD09,2026-05-21T18:29:54.65,2026-05-21T21:56:35.993,SQO260521054750595,7.0124.07085.00,2,0,53,106,29,88.5,2,0,HELLER,2,USINAGEM
RB43,2026-05-21T18:41:14.967,2026-05-21T20:11:21.443,SQO260521184113343,7.0124.09925.01,1,0,100,100,,90,1,0,,2,ROBO DE SOLDA
RB16,2026-05-21T18:44:29.837,2026-05-22T01:59:20.53,SQO260521184428011,7.0124.07862.03,12,0,12.95,155.39999999999998,165,22.416666666666668,12,0,,2,ROBO DE SOLDA
RB39,2026-05-21T18:51:24.433,2026-05-22T01:48:24.43,SQO260521185122685,7.0124.10887.02,3,0,96.28,288.84000000000003,102,104.66666666666667,3,0,,2,ROBO DE SOLDA
RB34,2026-05-21T18:51:54.37,2026-05-21T20:16:04.803,SQO260521185152931,8.0124.06646.Q07,1,0,95.75,95.75,,84,1,0,,2,ROBO DE SOLDA
CTU22,2026-05-21T18:53:50.427,2026-05-21T19:40:37.137,SQO260521185343487,7.7129.00210.BNF,1,0,5.31932,5.31932,35,11,1,0,,2,USINAGEM
CL11,2026-05-21T18:54:20.973,2026-05-21T21:05:16.32,SQO260521184833414,7.6891.00971.A,30,0,,,,17.333333333333332,30,0,,2,CALANDRA
RB30,2026-05-21T18:57:12.36,2026-05-21T19:41:22.047,SQO260521185710896,7.0124.09650.H03,1,0,36.1,36.1,3,41,1,0,MOTOFIL,2,ROBO DE SOLDA
RB04,2026-05-21T19:02:27.323,2026-05-21T20:03:28.803,SQO260521190225500,8.0124.05094.03,1,0,65.2,65.2,11,50,1,0,,2,ROBO DE SOLDA
DB43,2026-05-21T19:19:21.387,2026-05-22T01:13:09.46,SQO260521191915503,7.7800.00258.A,25,0,16.39,409.75,,14.12,25,0,,2,DOBRADEIRA
TC04,2026-05-21T19:26:17.277,2026-05-22T01:54:57.747,SQO260521183059581,7.3558.02080.00,113,0,2.44,275.71999999999997,62,2.8849557522123894,113,0,TORNO,2,USINAGEM
CTU29,2026-05-21T19:27:54.893,2026-05-22T01:35:35.18,SQO260521183834684,8.2155.02645.P02,14,0,15.9,222.6,60,21.928571428571427,14,0,PALETEIRA,2,USINAGEM
RB17,2026-05-21T19:35:05.853,2026-05-21T20:34:08.827,SQO260521193504461,7.7800.00183.B,1,0,33.24,33.24,,59,1,0,,2,ROBO DE SOLDA
DB36,2026-05-21T19:37:27.417,2026-05-21T20:45:15.133,SQO260521193725101,7.7129.00804.A,15,0,12.34,185.1,,4.466666666666667,15,0,,2,DOBRADEIRA
CTU22,2026-05-21T19:40:37.137,2026-05-21T21:27:58.6,SQO260521185343487,7.7129.00210.BNF,20,0,5.31932,106.38640000000001,10,4.85,20,0,,2,USINAGEM
CTU16,2026-05-21T19:47:46.56,2026-05-21T21:42:30.317,SQO260521121056795,8.2155.02520.P00,80,0,2,160,,1.425,80,0,,2,USINAGEM
RB30,2026-05-21T19:50:34.137,2026-05-21T20:34:33.583,SQO260521195016499,7.0124.09650.H03,1,0,36.1,36.1,,43,1,0,MOTOFIL,2,ROBO DE SOLDA
CTU05,2026-05-21T19:57:47.647,2026-05-21T19:57:57.883,SQO260521100944927,7.6602.00395.02,1,0,13,13,,0,1,0,,2,USINAGEM
CTU26,2026-05-21T20:08:43.257,2026-05-21T21:26:11.46,SQO260521200837040,8.0124.07244.00,2,0,18.18,36.36,,38.5,2,0,,2,USINAGEM
RB43,2026-05-21T20:11:44.003,2026-05-21T22:12:26.157,SQO260521201142609,7.6891.00967.A,2,0,131.22,131.22,,240,2,0,,2,ROBO DE SOLDA
RB34,2026-05-21T20:16:13.77,2026-05-21T21:47:09.49,SQO260521201612124,8.0124.06646.Q07,1,0,95.75,95.75,,90,1,0,,2,ROBO DE SOLDA
RB04,2026-05-21T20:16:25.963,2026-05-21T21:09:37.693,SQO260521201624833,8.0124.05094.03,1,0,65.2,65.2,,53,1,0,,2,ROBO DE SOLDA
RB17,2026-05-21T20:34:05.573,2026-05-21T23:10:02.62,SQO260521203402966,8.0124.07129.Q01,1,0,85.68,85.68,,155,1,0,,2,ROBO DE SOLDA
RB30,2026-05-21T20:35:04.97,2026-05-21T21:22:04.25,SQO260521203453425,7.0124.09650.H03,1,0,36.1,36.1,,46,1,0,MOTOFIL,2,ROBO DE SOLDA
DB36,2026-05-21T20:47:12.88,2026-05-22T00:59:36.45,SQO260521204710807,7.2155.02731.P00,10,0,9.06,90.60000000000001,,25.2,10,0,,2,DOBRADEIRA
MD10,2026-05-21T20:58:51.607,2026-05-21T21:04:24.217,SQO260521205840851,8.9113.00033.00,1,0,,,,5,1,0,DOOSAN,2,USINAGEM
CTU05,2026-05-21T21:00:19.94,2026-05-22T02:00:03.207,SQO260521200825706,7.0124.11890.01,24,0,11.5,276,96,8.458333333333334,24,0,,2,USINAGEM
CL11,2026-05-21T21:06:44.72,2026-05-21T23:59:21.4,SQO260521210553666,7.0124.05704.01,24,0,,,0,7.166666666666667,24,0,,2,CALANDRA
MD07,2026-05-21T21:13:34.86,2026-05-21T21:14:02.08,SQO260521211333823,8.0124.06758.04,7,0,16,112,,0,7,0,HELLER,2,USINAGEM
RB04,2026-05-21T21:21:05.55,2026-05-21T22:06:31.28,SQO260521212103001,8.0124.05094.03,1,0,65.2,65.2,,45,1,0,,2,ROBO DE SOLDA
RB30,2026-05-21T21:22:34.013,2026-05-21T22:20:06.337,SQO260521212217724,7.0124.09650.H03,1,0,36.1,36.1,3,54,1,0,MOTOFIL,2,ROBO DE SOLDA
MD04,2026-05-21T21:25:07.827,2026-05-21T23:58:39.527,SQO260521210154346,7.7129.00721.B,1,0,51,51,106,47,1,0,WOTAN,2,USINAGEM
CTU26,2026-05-21T21:26:11.46,2026-05-21T21:33:38.31,SQO260521200837040,8.0124.07244.00,1,0,18.18,18.18,,7,1,0,,2,USINAGEM
CTU22,2026-05-21T21:27:58.6,2026-05-21T21:41:30.623,SQO260521185343487,7.7129.00210.BNF,4,0,5.31932,21.27728,,3.25,4,0,,2,USINAGEM
CTU26,2026-05-21T21:34:12.58,2026-05-22T01:12:09.13,SQO260521213410725,8.0124.07244.00,9,0,18.18,163.62,61,17.333333333333332,9,0,,2,USINAGEM
RB35,2026-05-21T21:36:01.423,2026-05-21T23:26:04.78,SQO260521213549822,7.9113.00206.01,1,0,115,115,7,103,1,0,,2,ROBO DE SOLDA
CTU22,2026-05-21T21:41:30.623,2026-05-21T22:39:40.667,SQO260521185343487,7.7129.00210.BNF,15,0,5.31932,79.7898,,3.8666666666666667,15,0,,2,USINAGEM
CTU16,2026-05-21T21:42:30.317,2026-05-22T00:24:59.393,SQO260521121056795,8.2155.02520.P00,64,0,2,128,69,1.453125,64,0,,2,USINAGEM
RB24,2026-05-21T21:43:13.857,2026-05-22T01:50:31.563,SQO260521214311442,7.7129.01258.D,6,0,31,186,82,27.5,6,0,,2,ROBO DE SOLDA
MD10,2026-05-21T21:44:45.897,2026-05-22T00:14:55.303,SQO260521214440976,8.9113.00033.01,1,0,75,75,95,55,1,0,DOOSAN,2,USINAGEM
MD09,2026-05-21T21:57:40.433,2026-05-21T22:33:07.76,SQO260521215737585,7.8088.01617.D,1,0,24,24,,35,1,0,HELLER,2,USINAGEM
TC03,2026-05-21T22:09:39.41,2026-05-22T01:56:27.043,SQO260521214438334,7.0124.12075.01,35,0,,,71,4.428571428571429,35,0,,2,USINAGEM
RB43,2026-05-21T22:13:02.367,2026-05-22T00:28:08.9,SQO260521221300600,7.0124.09925.01,1,0,100,100,75,60,1,0,,2,ROBO DE SOLDA
RB08,2026-05-21T22:15:48.977,2026-05-22T00:13:34.09,SQO260521221209607,7.0124.09930.01,2,0,65.35,130.7,71,23,2,0,,2,ROBO DE SOLDA
MD07,2026-05-21T22:17:28.37,2026-05-22T01:07:16.513,SQO260521221727128,8.0124.04553.02,2,0,35,70,60,54.5,2,0,HELLER,2,USINAGEM
MD09,2026-05-21T22:30:54.823,2026-05-22T02:54:25.31,SQO260521223052212,7.0124.09925.01,2,0,53,106,75,94,2,0,HELLER,3,USINAGEM
MD09,2026-05-21T22:33:07.76,2026-05-22T03:36:58.333,SQO260521215737585,7.8088.01617.D,1,0,24,24,75,228,1,0,HELLER,3,USINAGEM
CTU22,2026-05-21T22:39:40.667,2026-05-21T22:39:46.017,SQO260521185343487,7.7129.00210.BNF,1,0,5.31932,5.31932,,0,1,0,,2,USINAGEM
RB30,2026-05-21T22:59:32.15,2026-05-22T01:51:17.64,SQO260521225916003,7.9113.00207.00,1,0,115,115,71,100,1,0,MOTOFIL,2,ROBO DE SOLDA
RB17,2026-05-21T23:10:13.207,2026-05-22T01:32:23.017,SQO260521231011932,7.7800.00181.B,1,0,51,51,41,101,1,0,,2,ROBO DE SOLDA
CTU22,2026-05-21T23:32:21.487,2026-05-22T00:33:02.113,SQO260521233220054,8.7129.00170.V,9,0,5.76,51.839999999999996,18,4.666666666666667,9,0,,2,USINAGEM
CTU28,2026-05-21T23:51:44.907,2026-05-21T23:52:20.25,SQO260521225231900,7.3558.03416.02,1,0,14.5,14.5,,0,1,0,,2,USINAGEM
CTU28,2026-05-21T23:52:20.25,2026-05-22T00:46:56.6,SQO260521225231900,7.3558.03416.02,3,0,14.5,43.5,11,14.333333333333334,3,0,,2,USINAGEM
RB16,2026-05-21T23:54:13.597,2026-05-22T01:59:14.95,SQO260521235411828,8.0124.04553.03,3,0,66,198,29,32,3,0,,2,ROBO DE SOLDA
CL11,2026-05-21T23:59:57.953,2026-05-22T01:55:40.67,SQO260521235956086,7.9113.00338.00,5,0,13.01,65.05,,23,5,0,,2,CALANDRA
MD04,2026-05-22T00:00:04.333,2026-05-22T01:04:43.397,SQO260522000001752,7.7129.00721.B,1,0,51,51,,64,1,0,WOTAN,2,USINAGEM
RB04,2026-05-22T00:14:36.153,2026-05-22T01:00:38.053,SQO260522001434619,8.0124.05094.03,1,0,65.2,65.2,1,45,1,0,,2,ROBO DE SOLDA
CTU16,2026-05-22T00:24:59.393,2026-05-22T00:25:03.4,SQO260521121056795,8.2155.02520.P00,1,0,2,2,,0,1,0,,2,USINAGEM
RB43,2026-05-22T00:28:37.37,2026-05-22T01:55:05.35,SQO260522002836319,7.6891.00967.A,2,0,131.22,131.22,,172,2,0,,2,ROBO DE SOLDA
CTU22,2026-05-22T00:34:17.677,2026-05-22T00:58:10.06,SQO260522003415672,7.7755.00458.01,2,0,7.98,15.96,10,6.5,2,0,,2,USINAGEM
CTU28,2026-05-22T00:46:56.6,2026-05-22T01:04:40.677,SQO260521225231900,7.3558.03416.02,1,0,14.5,14.5,,17,1,0,,2,USINAGEM
CTU22,2026-05-22T00:58:10.06,2026-05-22T01:29:45.323,SQO260522003415672,7.7755.00458.01,7,0,7.98,55.86,,4.428571428571429,7,0,,2,USINAGEM
DB36,2026-05-22T01:00:11.793,2026-05-22T01:52:19.067,SQO260522010009814,7.2155.02733.P00,10,0,0.6,6,,5.2,10,0,,2,DOBRADEIRA
CTU28,2026-05-22T01:04:40.677,2026-05-22T01:57:17.03,SQO260521225231900,7.3558.03416.02,3,0,14.5,43.5,,17.333333333333332,3,0,,2,USINAGEM
DB43,2026-05-22T01:13:40.253,2026-05-22T01:43:12.09,SQO260522011333418,7.9113.00024.02,1,0,7.38,7.38,,29,1,0,,2,DOBRADEIRA
MD07,2026-05-22T01:22:22.557,2026-05-22T01:22:28.407,SQO260522012221090,7.3558.02094.00,13,0,16,208,,0,13,0,HELLER,2,USINAGEM
MD07,2026-05-22T01:22:28.407,2026-05-22T02:50:51.997,SQO260522012221090,7.3558.02094.00,1,0,16,16,,88,1,0,HELLER,3,USINAGEM
MD07,2026-05-22T01:23:19.277,2026-05-22T03:00:03.803,SQO260522012316802,8.0124.04553.02,1,0,35,35,,96,1,0,HELLER,3,USINAGEM
RB35,2026-05-22T01:27:33.713,2026-05-22T03:59:17.61,SQO260522012729374,7.9113.00206.01,1,0,115,115,13,138,1,0,,3,ROBO DE SOLDA
CTU22,2026-05-22T01:29:45.323,2026-05-22T01:52:29.823,SQO260522003415672,7.7755.00458.01,4,0,7.98,31.92,,5.5,4,0,,2,USINAGEM
RB40,2026-05-22T01:36:44.847,2026-05-22T03:24:11.147,SQO260522013643155,8.6891.00459.A,2,0,302,302,72,142,2,0,,3,ROBO DE SOLDA
CTU26,2026-05-22T01:37:59.597,2026-05-22T01:53:15.323,SQO260522011236105,8.0124.07243.00,1,0,23,23,,15,1,0,,2,USINAGEM
MD10,2026-05-22T01:44:50.573,2026-05-22T03:56:34.98,SQO260522012950262,7.6891.00230.07,1,0,115,115,22,109,1,0,DOOSAN,3,USINAGEM
CTU24,2026-05-22T01:49:10.437,2026-05-22T05:48:57.59,SQO260521110824755,8.2155.02142.P01,3,0,45.93,137.79,31,69.33333333333333,3,0,,3,USINAGEM
CTU22,2026-05-22T01:52:29.823,2026-05-22T01:53:05.17,SQO260522003415672,7.7755.00458.01,2,0,7.98,15.96,,0,2,0,,2,USINAGEM
CTU22,2026-05-22T01:53:05.17,2026-05-22T01:53:22.05,SQO260522003415672,7.7755.00458.01,1,0,7.98,7.98,,0,1,0,,2,USINAGEM
CTU26,2026-05-22T01:53:15.323,2026-05-22T02:57:27.69,SQO260522011236105,8.0124.07243.00,2,0,23,46,,32,2,0,,3,USINAGEM
CTU22,2026-05-22T01:53:22.05,2026-05-22T01:54:22.32,SQO260522003415672,7.7755.00458.01,2,0,7.98,15.96,,0.5,2,0,,2,USINAGEM
CTU22,2026-05-22T01:54:22.32,2026-05-22T03:31:11.323,SQO260522003415672,7.7755.00458.01,19,0,7.98,151.62,15,4.2631578947368425,19,0,,3,USINAGEM
TC03,2026-05-22T01:56:27.043,2026-05-22T03:37:32.02,SQO260521214438334,7.0124.12075.01,15,0,,,,6.733333333333333,15,0,,3,USINAGEM
RB36,2026-05-22T02:12:09.127,2026-05-22T03:40:10.68,SQO260522021103070,8.7129.00865.E,1,0,133.7,133.7,0,88,1,0,,3,ROBO DE SOLDA
TC08,2026-05-22T02:22:23.87,2026-05-22T03:58:46.453,SQO260522021703001,7.8088.04700.A,10,0,3,30,22,7.4,10,0,,3,USINAGEM
RB43,2026-05-22T02:22:31.05,2026-05-22T03:57:34.873,SQO260522022218724,7.6891.00967.A,2,0,131.22,131.22,62,128,2,0,,3,ROBO DE SOLDA
CTU18,2026-05-22T02:42:36.117,2026-05-22T02:43:06.583,SQO260522022847136,7.2155.02690.P03,1,0,,,,0,1,0,,3,USINAGEM
MD07,2026-05-22T02:59:57.497,2026-05-22T03:36:24.017,SQO260522025954119,7.3558.02094.00,2,0,16,32,3,16.5,2,0,HELLER,3,USINAGEM
MD07,2026-05-22T03:00:03.803,2026-05-22T04:12:22.773,SQO260522012316802,8.0124.04553.02,1,0,35,35,3,69,1,0,HELLER,3,USINAGEM
CTU16,2026-05-22T03:20:11.007,2026-05-22T04:53:59.017,SQO260522021556887,7.6689.00591.01,3,0,12.125,36.375,,31,3,0,,3,USINAGEM
CTU22,2026-05-22T03:31:40.477,2026-05-22T03:31:49.977,SQO260522033139281,7.7755.00458.01,5,0,7.98,39.900000000000006,,0,5,0,,3,USINAGEM
MD07,2026-05-22T03:36:24.017,2026-05-22T04:45:19.77,SQO260522025954119,7.3558.02094.00,2,0,16,32,16,26,2,0,HELLER,3,USINAGEM
MD09,2026-05-22T03:36:58.333,2026-05-22T04:16:20.813,SQO260521215737585,7.8088.01617.D,1,0,24,24,11,28,1,0,HELLER,3,USINAGEM
RB43,2026-05-22T03:58:20.347,2026-05-22T05:16:03.547,SQO260522035819321,7.0124.09925.01,1,0,100,100,,77,1,0,,3,ROBO DE SOLDA
MD07,2026-05-22T04:12:22.773,2026-05-22T05:22:27.84,SQO260522012316802,8.0124.04553.02,1,0,35,35,16,54,1,0,HELLER,3,USINAGEM
CTU22,2026-05-22T04:17:19.677,2026-05-22T05:06:11.387,SQO260522033827826,8.0124.06114.02,2,0,15,30,23,12.5,2,0,,3,USINAGEM
RB35,2026-05-22T04:36:05.653,2026-05-22T04:36:32.07,SQO260522040033276,7.9113.00206.01,1,0,115,115,,0,1,0,,3,ROBO DE SOLDA
MD07,2026-05-22T04:45:19.77,2026-05-22T06:02:35.297,SQO260522025954119,7.3558.02094.00,2,0,16,32,21,28,2,0,HELLER,3,USINAGEM
CTU16,2026-05-22T04:53:59.017,2026-05-22T05:41:28.16,SQO260522021556887,7.6689.00591.01,4,0,12.125,48.5,,11.75,4,0,,3,USINAGEM
CTU22,2026-05-22T05:06:11.387,2026-05-22T05:32:01.283,SQO260522033827826,8.0124.06114.02,1,0,15,15,,25,1,0,,3,USINAGEM
CTU22,2026-05-22T05:32:01.283,2026-05-22T05:46:58.55,SQO260522033827826,8.0124.06114.02,1,0,15,15,,14,1,0,,3,USINAGEM
CTU22,2026-05-22T05:46:58.55,2026-05-22T05:59:33.167,SQO260522033827826,8.0124.06114.02,1,0,15,15,,12,1,0,,3,USINAGEM
